,Accuracy,Precision,Recall,F1
XGB,0.99995,0.99995,0.99995,0.99995
SVM,0.892175,0.892175,0.892175,0.892175
RF,0.986,0.986,0.986,0.986
